,fit_r2,fit_alpha,fit_beta,fit_gamma,fit_t_,fit_scaling,fit_std_u,fit_std_s,fit_likelihood,fit_u0,fit_s0,fit_pval_steady,fit_steady_u,fit_steady_s,fit_variance,fit_alignment_scaling
0,0.6199327409267426,0.5467984452706666,1.5221304540290457,0.6259808808472601,3.843891671705133,0.26841213315725326,0.10748925060033798,0.18621550500392914,0.2445004546201025,0.0,0.0,0.34750673498300305,0.30389398279980656,0.4836183621202884,0.815470721799722,1.0463623397686164
1,0.5795080959796906,0.49982625128606684,0.6066303376865865,0.44086204542060764,5.5304273778301765,0.9006620074311892,0.20579788088798523,0.1932697296142578,9.163532812378321e-12,0.0,0.0,0.48130147134330353,0.7127068051821442,0.7379867386650936,1.869471105434584,1.5112398379666154
2,0.6802738308906555,0.5733780295349559,0.9617508494074399,0.4672103578452493,6.114822080912034,0.7368020008007684,0.1616329550743103,0.2815260589122772,0.14564176056344588,0.0,0.0,0.47933825554920617,0.4756210266251105,0.7805374460104162,0.8767987198182148,1.8110318981629425
3,0.42034876346588135,0.2570717360555872,0.23608853103028624,0.3597163396307577,5.706502189700321,2.9090447425842285,0.3414163887500763,0.11736374348402023,0.09489125722403761,0.0,0.0,0.4145095622898667,0.9852728522287668,0.40027000245152455,1.367230144070641,1.4560447041133777
4,0.5956215858459473,0.32257349858534823,0.5713910554287541,0.4059488633974993,5.140570750335829,1.2350556095441183,0.19596199691295624,0.163955420255661,0.1284751788511914,0.0,0.0,0.37931183340578695,0.5013611053971616,0.48458884725274903,1.037628056769883,1.4642677217616313
5,0.37841057777404785,0.1485586859963817,0.9678919809050284,0.414344715446336,7.246219828720886,0.6662147394319378,0.051367197185754776,0.09759962558746338,0.19420055208856105,0.0,0.0,0.3266747201351966,0.15164720359438624,0.2777486882525785,1.0081902390755557,1.7246956779176625
6,0.8443015813827515,1.291085298567273,1.1398478987743825,0.8007212913357874,4.5965802276343455,0.3948489184677601,0.362684428691864,0.43401002883911133,0.435949895606368,0.0,0.0,0.4101940901393304,0.7785798124508906,0.9113450515473358,0.2624222230874341,1.0185967350341092
7,0.9515707641839981,6.784513399204455,1.554294929324501,0.7494332463375056,6.644244978972275,0.2433589817583561,1.5869606733322144,3.081204891204834,0.7423578712287857,0.0,0.0,0.4791814785165277,3.7174152417888955,7.568132636699312,0.09366255381730317,1.189684227906299
8,0.37225693464279175,0.26881205562471777,0.6876421631980921,0.3052307964877196,6.2123403199802,0.901430226597521,0.11152629554271698,0.16406844556331635,0.05221244234843384,0.0,0.0,0.45125178060419585,0.36549402077353704,0.5470180337584241,1.5664305463637482,1.9668374344894388
9,0.5469253063201904,0.18466598349549884,0.7715576636363601,0.3832166853281889,4.263938868547024,0.9965297222137451,0.08603136986494064,0.13381299376487732,0.07603997200175705,0.0,0.0,0.21766743276939576,0.1995081410886588,0.2974584519618255,0.5315311165734641,2.0159188810651796
10,0.7104595899581909,3.2578769889927965,2.8122275841741713,0.8410592171833424,8.307104529372513,0.17439759761095047,0.3548453152179718,0.9613917469978333,0.33877947375531026,0.0,0.0,0.4800789690604049,0.9291978829268918,2.662000564970718,0.465820326249023,0.917532701865673
11,0.6523430645465851,0.5521736448138226,0.6646366016927088,0.39785824333129294,9.905854952093469,0.37565761506557466,0.18858148157596588,0.22590163350105286,0.00015373123305671563,0.0,0.0,0.4953956619331348,0.8478354137496428,1.1656899665405067,6.624344151713035,1.8023372660846946
12,0.8329080492258072,1.6363405554059227,1.5460220714605761,1.2618691310933654,13.986188152676418,0.8222097069687314,0.15285184979438782,0.18569716811180115,1.8552675330725792e-06,0.0,0.0,0.4985425260256899,2.119532494343067,1.7176984703431213,14.577052232709416,0.7224404575226644
13,0.37283843755722046,0.40797817828968086,0.6788896287454689,0.34727513910066055,3.1270664200029454,0.9456206798553467,0.13688653707504272,0.14958368241786957,4.0225644383678476e-10,0.0,0.0,0.47930229496547194,0.4831941364589253,0.6235567137181501,2.0907187933292066,1.5291423241803035
14,0.7214972376823425,2.397112485028402,1.1342560268705497,0.5125720059524155,9.554152368516935,0.24940877392888072,0.6065895557403564,1.1491719484329224,0.30510747796713,0.0,0.0,0.48149902091105484,1.773983627498987,3.507602605711797,0.613568853648856,1.6702404215750961
15,0.7381967604160309,0.9580595943282865,1.7177519292787482,0.7878123139781608,4.78202517647228,0.2575294621288777,0.16229310631752014,0.29776591062545776,0.1894538703000281,0.0,0.0,0.45266129899484875,0.5178385214839148,0.9722318956909444,1.1995691699570414,1.0172440259118594
16,0.7685131281614304,2.2080034524791925,2.1254499948643497,0.8907717724229208,8.517533853802066,0.2082889124751091,0.1671287566423416,0.36107510328292847,0.08984493943347457,0.0,0.0,0.4979646676647129,0.8260864579733053,1.9028100013303377,1.6923308807586497,1.016472115974945
17,0.9610944762825966,11.784309637157365,2.059416632398036,0.95791213867947,6.8598721946592605,0.22529299646615983,1.9662744998931885,4.123806476593018,0.6735247861776597,0.0,0.0,0.48623585710577333,5.144241012472013,11.305542689587535,0.12488605282888941,0.9698858126218981
18,0.7440284490585327,1.5104389689956867,1.0681856691424276,0.7764491789055578,4.90453384975218,0.4302017238736152,0.3992173373699188,0.4315093457698822,0.2425077321872527,0.0,0.0,0.46488983853127996,1.1118123578702057,1.2711301196992784,0.7788566469304689,0.9768019651494686
19,0.037140488624572754,0.037018808461005005,0.4018966562558868,0.22105424834613985,5.912886296692461,1.3134340479969975,0.03713582828640938,0.033480942249298096,0.10023530813498842,0.0,0.0,0.22353171702270536,0.13561081419311366,0.09779544933980075,2.214961129832828,2.3274388217302455
20,0.6062389612197876,0.25259528858049785,0.7911394796756959,0.40069184933202107,6.535741455449662,0.8529752274354299,0.11801569163799286,0.17513778805732727,0.1417231803473533,0.0,0.0,0.4126692807338068,0.31927517555339174,0.5410077078237825,1.143706198273008,1.786478332010993
21,0.5468875169754028,0.30473600756308605,0.8413023213797975,0.6063012266332621,4.343194249717081,0.44351052537560465,0.10244240611791611,0.10913841426372528,0.23200343878958601,0.0,0.0,0.3378785435171552,0.2907479330476378,0.3074449567357078,0.9327608198200433,1.2663267896408368
22,0.27483540773391724,0.06697440770380246,0.24123792571500643,0.32160309890312705,7.068673785218723,2.582136902809143,0.1059456467628479,0.055288221687078476,0.18465855735423917,0.0,0.0,0.21716908971157506,0.32191466136395047,0.17303809068157688,1.3632054548548445,2.137483299285983
23,0.5007906854152679,0.13703904010278636,0.2375178898037564,0.3153488470359205,4.896817054935714,2.6278203499317163,0.23897460103034973,0.10503597557544708,0.00949154161520105,0.0,0.0,0.28177061958373306,0.5266570545955822,0.25404942751829995,0.6401225487182463,1.9430290136997632
24,0.8903397917747498,4.700849082371681,1.3398117720218339,1.0385968227519449,3.59865305249409,0.3820358008146286,0.7260382771492004,0.8552005290985107,6.451246885905339e-12,0.0,0.0,0.4912189405962791,2.2787328548358383,2.8398735407641524,0.8908392560469686,0.8791534032621665
25,0.8563524335622787,4.560136478613491,1.6120931663825695,0.858022863118967,5.328295442558564,0.2660874402523041,0.6071169376373291,1.078076958656311,0.22629367424463617,0.0,0.0,0.4949407682874914,1.914341060656743,3.6132560437986756,0.7989441307894011,1.0490543793622895
26,0.026364564895629883,0.09669711254109563,0.34020329307298147,0.2801146318959835,2.4610290038352303,4.8230754816532135,0.09368003904819489,0.03311672434210777,0.003205449317484737,0.0,0.0,0.3804598517699213,0.31559046298592053,0.12431937723785864,0.6680133144754842,1.0391106869843683
27,0.8384484946727753,1.6796151910786867,1.3903875630738243,0.7629317971104272,4.875451303745569,0.3135660803318024,0.34177833795547485,0.5150119066238403,0.3317217949701646,0.0,0.0,0.47626701357231704,0.8322135450766144,1.3427516545915719,0.42133789063252486,1.0837693416074183
28,0.8202340602874756,5.607816259570641,1.9395534102797993,0.913328622142886,6.041779594250365,0.25394654273986816,0.8770624995231628,1.605983853340149,0.3143114770287135,0.0,0.0,0.49326197440263886,2.179665087366965,3.9626366298180073,0.4570582028026463,0.9113419673553844
29,0.5004911720752716,0.2351018696604282,0.30498634562882915,0.33886258152626875,5.1279667548338885,2.0871041357517246,0.14928370714187622,0.11265458166599274,0.014985178162897596,0.0,0.0,0.4876448662326553,0.7900823777581922,0.5870281806665247,4.2065975212200195,2.1208465819172613
30,0.8947824910283089,2.6888701143218188,1.9451980079237339,0.9654932154245314,6.965133482849583,0.25403500109910965,0.4935494661331177,0.9179920554161072,0.47080087897418493,0.0,0.0,0.4638174611730536,1.069347944968228,1.90482262452133,0.24685544540582052,0.9106576485136928
31,0.8802942931652069,12.931345694570783,4.464482324478227,1.8344656741672851,9.4291270552969,0.17910517752170563,0.4792923331260681,1.2042173147201538,1.8775601237837406e-08,0.0,0.0,0.49876787553425106,2.9706316563593185,6.803518699168967,0.9836689005182366,0.5627730157740812
32,0.308795690536499,0.27447798242307403,0.8987324706877181,0.26527150227984125,7.810649970931934,0.7061021437247594,0.09270825237035751,0.1684962958097458,2.6122823662107254e-05,0.0,0.0,0.48292057164645075,0.4208600936086917,0.6312664815521767,0.8181627326532284,2.0222810486769043
33,0.8119005113840103,1.1566980001405032,0.654710104290966,0.4174684484054988,7.3377141021068155,0.992850408156713,0.5565509796142578,0.7433632016181946,0.2614071429754905,0.0,0.0,0.48650690135407243,1.346497925274279,2.0555197193150825,0.644634461977331,1.8755567863941174
34,0.03375905752182007,0.16204783516262794,1.0111792541183116,0.31000778373546206,3.962194553675566,0.9536014258861542,0.049892354756593704,0.07063189893960953,2.562515753381809e-09,0.0,0.0,0.40576087583262255,0.18346608179067084,0.22512925133020778,1.8723966021647755,1.4000344616147182
35,0.8753433376550674,9.690115578822033,1.8230644989599414,0.8635371306346495,4.873684002566837,0.25685080826282497,1.3400790691375732,2.426064968109131,0.3798916101896746,0.0,0.0,0.4954471529751669,3.4953409978251937,6.615679521350479,0.3563728380127453,0.9586110865860747
36,0.7609231173992157,2.9286897437419697,1.8313614986826083,0.8150583046960203,4.4875252490570725,0.24030329078435897,0.34984591603279114,0.6769709587097168,0.20632298418450018,0.0,0.0,0.49430399008687287,1.1085643117151436,2.200703773830198,0.8764473370841611,1.0199799159241254
37,0.7445193231105804,1.899637497717137,1.7226053331780604,0.748207983750349,3.565471456092578,0.24898615702986715,0.2548459768295288,0.48362013697624207,0.13318292581443722,0.0,0.0,0.4860753425762471,0.8437990346197319,1.4763548081853137,1.2563068583999017,0.9914785721947821
38,0.7755029201507568,1.6794319487878568,1.2782252122092832,0.8877798780604041,6.515650555594428,0.3780120720465978,0.24334098398685455,0.31114035844802856,3.5654916417574243e-08,0.0,0.0,0.49416267013285275,1.3456513209185785,1.5822472734585533,2.5759221936917824,1.0003078995810404
39,0.6274876296520233,1.0232144401864816,2.0353980251450796,0.9222010231136178,13.482916620702925,0.5929902493953705,0.09055505692958832,0.17816071212291718,0.00010359358929539428,0.0,0.0,0.49667901384580454,0.4414530878987159,1.4768955627223477,7.265451275727674,0.966606894625422
40,0.43854498863220215,0.029215374450232524,0.03439542407889433,0.055284384255113214,23.699841214816477,4.779907242457072,0.3224249482154846,0.08131981641054153,1.5901684336108423e-05,0.0,0.0,0.3953864824553836,0.6737371405016612,0.2570894496276541,0.8863159783841341,8.08436083650042
41,0.7725944370031357,3.891792157880573,1.7870049899040041,0.8651989959685976,5.294747022113265,0.23735427886247637,0.6107821464538574,1.2158809900283813,0.3484835683523679,0.0,0.0,0.4865220509918868,1.7790426124828997,2.9479141123673136,0.4069203584079564,1.0609372141478932
42,0.9516358636319637,14.833839932656161,2.3272471292007886,1.061119393192873,11.385243814730098,0.2278583228588104,2.6118597984313965,5.158191680908203,0.9388296812985526,0.0,0.0,0.4810665760151259,6.323598440793892,13.081537360742946,0.06447790482244128,0.8486040772631378
43,0.6913550496101379,2.4882219468647335,1.836097525930462,0.5919295384434305,6.45508680431052,0.18551571071147918,0.3697075843811035,0.8967887759208679,0.3211460611334559,0.0,0.0,0.48461661905396347,1.0003988508563013,2.44500663228622,0.5071029816006052,1.321101159995728
44,0.8778101205825806,2.299301668127563,0.8656245611055872,0.8991278517134396,4.711353086683147,0.617684672276179,0.8800936937332153,0.6886662840843201,0.214313062638851,0.0,0.0,0.48792048030005114,2.6233547201212786,1.9197660836146277,0.4418515381946343,0.9039623706648696
45,0.5157151520252228,0.23939349782210181,0.5776437081688739,0.28231260070663544,7.42803718626067,0.8764083474874497,0.15643784403800964,0.2259497344493866,0.2115927868802394,0.0,0.0,0.40955392805015156,0.45494950995132666,0.6582207557552591,1.0443510329087953,2.3813359921726978
46,0.3126910924911499,0.40539518548175013,0.5895627071436504,0.3552635709336292,4.482227119199202,1.013802920281887,0.1708817481994629,0.20648011565208435,5.452084148641084e-11,0.0,0.0,0.45805099757449125,0.578626297539317,0.6198854763281596,0.9624652399721557,1.7567329889756382
47,0.6174624562263489,0.1164140992444976,0.3460587749602908,0.08142368102983964,18.05333383583108,0.5844602806700601,0.087127685546875,0.17971669137477875,5.017332506400163e-05,0.0,0.0,0.49169695311681805,0.3151814187399242,1.2433547679623909,2.9347633921225516,6.414983222332635
48,0.8274585902690887,2.3055823509273234,1.7016354706622308,0.8447120562978361,3.9961103053082034,0.2754360732436181,0.3573746383190155,0.6033313274383545,0.2569583540780716,0.0,0.0,0.4814822253818479,0.9192657678319943,1.7491536611171261,0.3940887383989416,0.9577189264587955
49,0.6256492733955383,1.1187780359780117,1.1710637471452272,1.0133571886479391,4.675015995826251,0.43771425828337673,0.23351997137069702,0.252078115940094,6.886889941956525e-12,0.0,0.0,0.4935539312309471,0.8077531054463601,0.7246986674124793,1.4667398758462267,0.9217870074568858
50,0.017914772033691406,0.16300586457432212,0.9473902565988248,0.3104224817193788,2.533506424330477,1.0403157273928323,0.053012870252132416,0.05945151671767235,0.008889578285946623,0.0,0.0,0.3463047296327685,0.1634372191109942,0.17924054710551746,0.9317328230941173,1.1837301559001372
51,0.8481006026268005,3.2130346317911886,1.5170875076118426,0.9050892580982837,7.243091512680315,0.330325987637043,0.6707871556282043,0.9442672729492188,0.34386776762670956,0.0,0.0,0.4808803930628997,1.6888226433800613,2.4739412761389694,0.45705936349013687,0.8957195305082762
52,0.47019827365875244,0.15942779272050606,0.9085818786138323,0.41609414812006357,6.557280517056094,0.8089951077103614,0.06588302552700043,0.10973784327507019,0.21981578013820685,0.0,0.0,0.2607455898625965,0.17568011586169152,0.29711693171552256,0.8708831368786475,1.7415759275921512
53,0.5708580017089844,0.28964959152539355,0.7165478692874092,0.403616726799746,8.344767678964534,0.9364830215771993,0.14958441257476807,0.2049868106842041,0.23020455630214284,0.0,0.0,0.4268545605088199,0.4155980210287304,0.5894706185630137,0.9412495987840008,1.9076876236958082
54,0.7485742568969727,1.251919540211692,1.6282450592757551,0.743967443015544,8.412566063391132,0.27631414890289313,0.24236178398132324,0.40786269307136536,0.3152845487973934,0.0,0.0,0.4622178218253513,0.6329380863388179,1.2930272638894102,0.5563763113003704,0.9977058649451072
55,0.7988077402114868,1.0113044661548485,0.7150599951256905,0.481635778357043,5.570584021861227,1.1514341661334038,0.486881285905838,0.5607430338859558,0.22624194261886826,0.0,0.0,0.4777083340363745,1.1570168912085026,1.5921640413389784,0.6369188193727495,1.650905390954509
56,0.3207240104675293,0.06961732744154016,0.1688717126790132,0.14793120338661467,25.7874366441264,1.603131373723348,0.13021598756313324,0.09476369619369507,0.0008726593589795089,0.0,0.0,0.4437298776017071,0.4224679109830873,0.38260040020345354,2.684232594195008,4.471043276850859
57,0.81331767141819,2.783357249025114,1.418006718324916,0.6374248947372895,8.362748233744487,0.24570925667881968,0.6036583185195923,1.1608376502990723,0.44241925900076856,0.0,0.0,0.479924866876541,1.7378525244995184,3.05237384214355,0.26216183493747325,1.2915544116358333
58,0.9418703690171242,8.858589313106684,2.0807721572788855,1.0072063676674419,4.545446492371978,0.23218752957880498,1.3834929466247559,2.8153984546661377,0.5109409753159231,0.0,0.0,0.4937062440530869,3.2640954668491444,6.59352858873598,0.17050923867026233,0.9314275834549235
59,0.07950258255004883,0.08533391381568879,0.9040848571172861,0.3365003734299449,3.516719456739629,1.330993764102459,0.037555042654275894,0.04422825202345848,3.5395748347923908e-06,0.0,0.0,0.10121014389848049,0.08689442944287236,0.13164543201103163,0.9889185913911129,1.4700336388218143
60,0.11292165517807007,0.23176961825879114,1.1674737372190371,0.32208461801036464,2.7284306799728815,0.8925091417188996,0.06581898778676987,0.09186840802431107,0.0001223842559229136,0.0,0.0,0.34737427867848525,0.20200850686466842,0.280172669176205,1.230591677489027,1.1955503611335099
61,0.3734038472175598,0.29258500038063706,0.969507696158746,0.34391712184299145,4.9499792963866165,0.6432285868376494,0.08631115406751633,0.17650821805000305,2.171206006361054e-12,0.0,0.0,0.4508939585401805,0.2722216314581614,0.6444011385289647,0.9279637620838709,2.0880115375390322
62,0.8229404389858246,0.5989001825029651,0.8421721666893597,0.49446728068369133,8.411366809554346,0.7228146719435852,0.10605137050151825,0.17545266449451447,0.00404122161536029,0.0,0.0,0.49817838509733503,0.5004445631797184,1.600824720601567,7.947150722682972,1.6817679479179528
63,0.64593705534935,0.5120478802470257,0.679111622199605,0.36219815281954165,6.42358025544295,0.8545511372387411,0.23819614946842194,0.3755998909473419,0.20192894307922118,0.0,0.0,0.4666558340113178,0.6928059155864585,1.065458845885085,0.9553931089388298,1.9902276923268647
64,0.6610322892665863,0.5067682490986188,0.9700932735249137,0.3560082605313803,7.096617619340859,0.5923125125467777,0.20720714330673218,0.41425395011901855,0.22604467318956292,0.0,0.0,0.44610209289647956,0.544107688922534,1.0190483271826767,0.850351485488867,1.9627235451717138
65,0.2568882703781128,0.2246863278268523,0.3694864824529763,0.3384647809205875,3.632089746803132,2.566085320711136,0.17450375854969025,0.1054060161113739,4.976229393413801e-07,0.0,0.0,0.4460596528841153,0.5530189915978009,0.3522925328820591,1.3017346659385405,1.634790297035365
66,0.21756911277770996,0.15945248747574825,0.6170482971769489,0.33849925028415573,6.3438883823667185,1.0037030160427094,0.04907175153493881,0.08066967129707336,7.054129897522921e-06,0.0,0.0,0.48004328476155445,0.22249900680259183,0.3999688005945966,2.535179584486711,2.664155420116332
67,0.7081648409366608,0.9122545217631463,0.7430120713924485,0.4011506367953591,4.941085177684906,0.8813736261427403,0.3638515770435333,0.5851770639419556,0.23944540657513877,0.0,0.0,0.4687886745631689,0.9192570037489157,1.5307742619288862,0.6203335276376647,1.9017097057047576
68,0.8010058999061584,5.963008650537296,1.6415702517182484,1.2822945350013917,8.783645083759042,0.34924501776695255,0.47756704688072205,0.6461092233657837,0.013238161845346147,0.0,0.0,0.49902420502009054,3.1886618293935673,4.375013420077298,4.0176045880999265,0.784915347916292
69,0.9059023037552834,3.67610452552938,1.4674193990690467,0.966154466616336,5.858703789911585,0.32738032445311543,0.8105941414833069,1.1699106693267822,0.5042762899909373,0.0,0.0,0.4839711944926917,1.7202344079132568,2.3868160646826286,0.16509952935157668,0.9367111351039975
70,0.45127391815185547,0.3231081760395221,0.3813130815278631,0.3404758802648768,5.166584224446447,1.4036163336038592,0.18001994490623474,0.18180058896541595,0.0287668554580784,0.0,0.0,0.4743876060122146,0.6105685258237571,0.6113250621108757,1.3617362662883123,2.2701061220428898
71,0.7955791801214218,1.6622033127342235,0.9107560253673422,0.6441417401533992,7.893239676934327,0.8735178291797638,0.4058874845504761,0.480147123336792,7.133619003069915e-11,0.0,0.0,0.4955705902934499,1.3926989084535937,1.785556195214479,1.2251163365146438,1.2988727702722263
72,0.3643101453781128,0.1116539243110738,0.49437011916490303,0.36949607183590816,5.026946257418315,1.1747966488202413,0.06983472406864166,0.057462625205516815,2.3387830043120994e-12,0.0,0.0,0.3810837642319496,0.2659065498416521,0.19612952942783335,2.1960371712977023,1.66441580465202
73,0.23272091150283813,0.29270613861270195,0.583549758905605,0.4253380223072183,3.8787189708619287,0.8640772178769112,0.12569428980350494,0.12728318572044373,2.095431321610771e-05,0.0,0.0,0.4373172465836616,0.4116798106203223,0.3638926481021215,1.2145516574174964,1.652678225730586
74,0.4923880696296692,0.22059021324431938,0.6015827431951691,0.32338298910231505,8.111457353367081,0.9996409118175507,0.14972761273384094,0.17474496364593506,0.21812353380722124,0.0,0.0,0.3466244018912903,0.44127323202104324,0.5304766555702121,1.1415767687212908,2.0370265851184364
75,0.4134758710861206,0.18165385993785707,0.7492381644365973,0.23461545024873037,12.735782648538175,0.5054169416427612,0.056566692888736725,0.11751689016819,5.400903666801157e-05,0.0,0.0,0.47728360368354084,0.22030829562397578,0.7046726610860787,3.5421129000761393,2.772806812728114
76,0.9262984171509743,0.6249051315182752,0.32489856733367467,0.4438892153844039,9.185228536146933,0.7489137967427572,0.46242856979370117,0.3190239369869232,0.011166350174578697,0.0,0.0,0.4925766853565618,1.6046179376767282,1.3794271918114052,0.7059530739624773,2.123395124175858
77,0.9286765605211258,7.784395548812761,1.6719308473999932,0.946922695123324,5.826935004633099,0.26597766011953355,1.1609687805175781,2.06242036819458,0.3543987482893405,0.0,0.0,0.49818540752163964,3.2570715562586736,6.960775788881463,0.34243383487440154,1.0119266696563016
78,0.8347368240356445,2.0391226182711644,1.2943223242775663,0.8368108624150564,3.839764639345873,0.37286027893424034,0.350435346364975,0.44408243894577026,5.992636705185937e-11,0.0,0.0,0.4949981148515388,1.1602966184068912,1.4128306851619936,0.9378743752843249,0.9324465614506099
79,0.8456874191761017,5.051874302961549,2.7410325668266107,1.10196613878974,3.8098764417494815,0.19426775939762594,0.39414456486701965,0.9586423635482788,0.16805860359971536,0.0,0.0,0.49551057795894404,1.136651128106792,2.735393707986704,0.6158275640452989,0.8450795395654016
80,0.4995620846748352,0.4992307131382268,0.7265110119751181,0.27525717325361554,6.800661591392539,0.6502130448818206,0.16288535296916962,0.2421603947877884,3.4668456937219454e-05,0.0,0.0,0.49161721547253434,0.6440500535419035,1.0321511659682887,2.9594663320063517,2.046345041464761
81,0.8655446320772171,5.559101866285358,1.294449312280433,0.9692608610297506,4.370088868725191,0.39829569920897484,1.2362518310546875,1.4665712118148804,0.40949763188704313,0.0,0.0,0.4944763461141718,2.7015216521076035,3.237643845469675,0.2826282642276914,0.9164550038387894
82,0.9068948403000832,9.818131791613,1.4987043363639627,0.8630653750914848,9.197216187402894,0.2703804686665535,2.2199482917785645,3.8794426918029785,0.8222404757615097,0.0,0.0,0.4830608470531733,5.220040895527227,10.144516917202495,0.06992055012032972,1.1105068285223592
83,0.336578369140625,0.17751891135650855,0.5848694897591492,0.29951433080277334,7.329005468174598,0.8521163883805276,0.10889267921447754,0.14759843051433563,0.11905633692945565,0.0,0.0,0.4793678297173485,0.4924405872061497,0.4666945323717363,3.0691152006052587,2.317523249245063
84,0.6950418949127197,0.8716711718941136,0.6901183731646109,0.3550268051844952,5.78025804357,0.7871733787986966,0.2958764433860779,0.45313459634780884,0.04121075934168969,0.0,0.0,0.49114036662512245,1.069379608182735,1.8538520157232816,1.8437431595263454,2.274663222623681
85,0.7030856311321259,0.7674884377746356,0.7652669082354228,0.38058183453490024,5.6832678897820665,0.6624997953573862,0.17845924198627472,0.31426793336868286,0.0004218970957572513,0.0,0.0,0.4942886853015912,1.3029805613036363,2.037694629803621,3.6935868391533617,2.4029215616058397
86,0.5845922529697418,0.36504140032467836,0.3628136245629778,0.36540160091943646,5.071027372530584,1.9430301368236542,0.30301499366760254,0.21053211390972137,0.11871099287177043,0.0,0.0,0.46751497328757974,1.0086737196745108,0.702348998735723,1.5211249191119007,1.9150082280197993
87,0.2780340313911438,0.16673514538445763,0.44686450660645843,0.4012386201319906,4.081547519460646,1.0821700766682625,0.08309675753116608,0.07390763610601425,6.166782335653e-05,0.0,0.0,0.3945945822283625,0.26005761581384995,0.21521674702445784,1.1303806109948682,1.8955710052148804
88,0.6782202124595642,0.5222992551446232,1.009176995753369,0.4175536895249912,5.711612885751204,0.6712558132410049,0.16515178978443146,0.2712525427341461,0.09626379462506944,0.0,0.0,0.47113676584198605,0.564644866262941,0.9404841588593313,1.710322156906792,1.5500078478635706
89,0.1980268955230713,0.46356939434180355,0.7126476989999301,0.2687463632899126,8.995426625612215,0.24216877698898318,0.16689461469650269,0.32563117146492004,0.267906736840097,0.0,0.0,0.36852376978470053,0.5047066092681101,0.9419374891942174,0.7212070265942122,2.607470946638397
90,0.6866721212863922,0.8505567396566773,0.6286487110205042,0.41827563890774494,4.278403908981544,1.0549165219068526,0.36996564269065857,0.42961496114730835,0.1646769986885699,0.0,0.0,0.4769272538148917,1.1437799718926824,1.20414465059454,0.9440484646250984,1.759222075044606
91,0.6598502397537231,0.44320998674339235,0.5337086022164994,0.354025855508433,9.170392999445673,1.1324718089401724,0.34207820892333984,0.38236182928085327,0.27686467736467946,0.0,0.0,0.41496530742145354,0.8225068246125093,1.0246418738288097,0.7132448621773452,2.094329091196751
92,0.3499688506126404,0.3040554646838149,0.8585366953621452,0.3758242180790889,4.542581219746247,1.3313253194093704,0.12805065512657166,0.14908340573310852,0.17779172640182564,0.0,0.0,0.3664773371507044,0.37678246135946597,0.4508120429417086,0.9602469715111406,1.406943798600332
93,0.242090106010437,0.21100750333713825,0.9329553259121212,0.31347153381524573,3.109634155144121,0.9370929598808289,0.07297485321760178,0.09085259586572647,8.649751753388716e-06,0.0,0.0,0.41079771189914477,0.21152965518402972,0.29881280774234564,1.6007365442191372,1.3344529503460667
94,0.8479382544755936,3.790000944866214,1.8785908370743782,0.866856090540336,4.40421365283136,0.22199027046561243,0.4226958751678467,0.8996961712837219,0.26518519099641114,0.0,0.0,0.4914484091069217,1.1932783754620588,2.468667764770638,0.5858751797969791,1.0790619377484083
95,0.639476090669632,0.7659987646983711,2.3061440416955468,0.7347499946074387,16.92270785086708,0.4093003571033478,0.11367734521627426,0.3055093288421631,3.142857627469523e-05,0.0,0.0,0.4786758494999706,0.2094796420578239,0.6248069829026495,0.32256682925459457,1.2236393392732008
96,0.9544020779430866,17.386458090503396,3.8328811162667304,1.9573051618508903,9.353463517986933,0.21986600518226626,0.9809368252754211,2.1080687046051025,0.21874304388840077,0.0,0.0,0.4989619753943532,3.04670060804024,7.589927071121377,0.38189149637846675,0.5339850264609552
97,0.7912075370550156,2.6993536696215483,1.349061993617352,0.7433076285258305,7.17066847499538,0.3257597015798092,0.7701292634010315,1.117038369178772,0.46872717393889024,0.0,0.0,0.4671820737918924,1.6105933232950225,2.205838416775303,0.25681039555428875,1.043159865624189
98,0.776484951376915,2.268897265302694,1.6440920575093334,0.902977172992113,3.9859625665197798,0.29919159382581717,0.36069807410240173,0.5605926513671875,0.1984382284975656,0.0,0.0,0.48116862936424276,1.1299606599754812,1.6756383768656162,1.0871577323464838,0.9125357750355325
99,0.578474372625351,0.46524276152368127,0.8286578118378788,0.3944654738101358,7.538860773118239,0.7675640776753426,0.16702812910079956,0.2754555344581604,0.20219090024475364,0.0,0.0,0.46528782849741945,0.46284701206088236,0.8803913939166172,1.0390640302390113,1.7911384918001412
100,0.9082607999444008,1.939603401698623,0.9970352991273381,0.6062932871367385,20.50815960850906,0.27722961008548735,0.4826730191707611,0.7834764122962952,1.4305580045116906e-05,0.0,0.0,0.482207056602047,1.1880634241898291,2.027752799361318,1.288637380609137,1.6280298567948817
101,0.75496806204319,1.2369330967851684,1.442449822536028,0.7351271171611565,8.229516295950557,0.2845553827285767,0.29924944043159485,0.4890119731426239,0.3086135318102077,0.0,0.0,0.3975756412297442,0.766427738940383,1.3552732694701386,0.5333224122313279,1.080579451334419
102,0.8201108872890472,1.4377429385610265,0.5840969464779059,0.433743854883824,5.208453000992865,1.2775149673223496,0.7152268290519714,0.8117939233779907,0.2126155649258927,0.0,0.0,0.49173113679102737,1.8023773821740448,2.3281073635564473,0.7021596772778381,1.9431980651257632
103,0.8815627545118332,4.28868715829228,2.256754546076855,0.9829982747095702,5.899025875517526,0.20338715672492982,0.5267332792282104,1.2236833572387695,0.40524558577248704,0.0,0.0,0.4879493662233211,1.2767684010845832,2.774124865697151,0.2940325825836018,0.9804030704093429
104,0.8317905068397522,1.091946113456878,0.8281409261486381,0.7464863540180352,4.608537902488578,0.5580697655677795,0.42409947514533997,0.3799699544906616,0.057277044746804985,0.0,0.0,0.420780103577041,0.9980968578851854,0.8431910753926535,0.453314909354456,1.0818754407834386
105,0.8875439688563347,3.6296711633449803,1.9130568963190788,0.8661001368914716,7.164606928327977,0.2335054685175419,0.7451028227806091,1.507720947265625,0.6528941449181489,0.0,0.0,0.4467450805020163,1.7188790141375623,3.773109403390694,0.12190352418025464,1.0073666554863472
106,0.7321901321411133,1.8986969848383826,1.3161592601883296,0.7684043700654108,4.0050686197228735,0.33539818346500394,0.2944652736186981,0.4384908974170685,0.14430317731168688,0.0,0.0,0.4864993866566898,0.8372613064566033,1.5068404387676655,0.5163574849648647,1.0401625250694186
107,0.011690020561218262,0.14469975208908079,1.553377882423144,0.2797837417777861,2.17130156387543,0.7081461489200592,0.033747825771570206,0.04289092496037483,1.1351091966943542e-05,0.0,0.0,0.33275739557848,0.1323695538272476,0.12396633033720969,2.450157284936264,0.8590764100244678
108,0.028404057025909424,0.10439876073145193,0.6057063848574497,0.1695096064261086,12.556128529236002,0.6156887436409793,0.06825979799032211,0.14033962786197662,0.21705774224679078,0.0,0.0,0.3399319683234401,0.20610626220833997,0.4292102312219554,1.1148044190857949,3.5216100765873386
109,0.7712390422821045,7.4286595896592695,1.434960760901572,0.5851253158743988,7.042551835441793,0.22734280228614806,1.6281660795211792,3.2227749824523926,0.4144567885952532,0.0,0.0,0.47649565937470645,3.528781107145605,6.275479789823294,0.20668007091741417,1.3794033597231805
110,0.05400627851486206,0.1163177060961582,0.4777498861467186,0.30103927609219805,4.664398427580286,1.8632124835252764,0.06980078667402267,0.06490395963191986,0.00015414342900637546,0.0,0.0,0.42049734989880616,0.23964793773239665,0.22274908925013231,2.0880478593218363,1.8536211095441595
111,0.04136240482330322,0.13656351422286508,0.9995995303771589,0.30820871426668667,7.401512120560576,0.8052592842280867,0.03751116245985031,0.06416768580675125,1.0575207394830186e-06,0.0,0.0,0.4268278309310254,0.1767511209588414,0.2346881849928117,2.0132620054714256,1.861429778047131
112,0.5815351903438568,0.5271516995081955,0.5066265338317498,0.48752632510434163,5.511548171616215,1.4516565227508544,0.3350846469402313,0.2666076719760895,0.16963826039328384,0.0,0.0,0.45015306764233465,0.8521279482101969,0.7553729887164583,1.011012280095446,1.4134247512410927
113,0.037765443325042725,0.09368029175932766,0.23545376281583796,0.1481472214183178,29.038477338914177,1.3160354286432265,0.11861174553632736,0.12167290598154068,0.0019653694905506004,0.0,0.0,0.44258731054658396,0.3439545771591239,0.3574743164293789,1.1986510065224019,4.803293785175925
114,0.7605748027563095,3.504650654690938,2.6494225170858594,0.8739010671078739,4.261819271301062,0.18574204899370672,0.2939437925815582,0.8031378984451294,2.706049119721226e-09,0.0,0.0,0.4940208666513844,0.9881784246043254,2.189689014857667,1.025449299395808,0.982166896637532
115,0.33497047424316406,0.3273719926063245,0.34340519979859324,0.3889523745878547,4.314298362501467,2.8484476625919344,0.29119735956192017,0.1482337862253189,9.828745617494902e-07,0.0,0.0,0.4737448602795901,0.8767403531964807,0.49920890734787904,1.2367604651640636,1.4823572821113478
116,0.6028473675251007,0.9845723154834811,1.041678188175632,0.8467579340951968,5.046366538815488,0.4334522093832493,0.22641044855117798,0.24680675566196442,0.005775576227359291,0.0,0.0,0.47801000783198005,0.711947824506486,0.7606207707290666,1.1390022794732246,0.996638643202047
117,0.619786947965622,1.1025713803054311,0.7702001253927986,0.37974869518305415,10.424383999369484,0.28812070637941367,0.39358168840408325,0.6352041959762573,0.26090565479048755,0.0,0.0,0.461911234997367,1.2595928251900326,2.0185726654940637,0.8217373978305956,2.0227739979135477
118,0.44546282291412354,0.4827376979521289,0.7185131542721267,0.3922875503162861,4.071597276443348,0.907203058898449,0.17887869477272034,0.22773830592632294,0.11990695991605473,0.0,0.0,0.43775357551430805,0.5475159313140286,0.6935819844285764,0.9589845739561847,1.556753427727215
119,0.8336777240037918,4.828030739434809,1.2528947048094738,0.947694966076821,4.436213447405546,0.4161842282116413,1.0304312705993652,1.1698635816574097,0.33902892085277514,0.0,0.0,0.4951843086624708,2.517720717400844,3.040008817574587,0.3880421892836638,0.9061531844365125
120,0.94473472610116,11.818216455101522,2.1770981938740777,1.0282623384319478,8.40788733718747,0.2227551828324795,1.927687168121338,4.088938236236572,0.7620274363795788,0.0,0.0,0.4924620998197591,5.253690524246271,11.328673250138246,0.09429924638277257,0.9279117597718015
121,0.8882519155740738,11.605922867367202,2.054023239617593,0.98648634114459,7.774689517975622,0.21723470382392407,1.667856216430664,3.6276986598968506,0.6180558986666049,0.0,0.0,0.4947733420566321,5.37063875900788,11.26444309097233,0.11992784218046379,1.0085047652708867
122,0.8604101985692978,3.7685359751894287,1.1622906709085978,0.9345966394611388,4.4313186353052165,0.43999275147914885,0.5853142738342285,0.6751179099082947,0.01740345461920311,0.0,0.0,0.4979330889094943,2.255059534041684,3.3427937753129235,1.3558304692252554,0.9923749034991299
123,0.48516714572906494,0.3188889096655386,0.7899292849743835,0.427152474199865,5.860401750544359,0.9718114069104196,0.15842373669147491,0.22741152346134186,0.18382753875136001,0.0,0.0,0.4221075467180432,0.446285369870604,0.5541988613589763,1.0827603651977282,1.6706565074984634
124,0.5954456329345703,0.18268355562392855,0.5177236133701705,0.38339547541814223,6.134344027616594,1.01699252307415,0.11482211947441101,0.12447622418403625,0.16540769105293154,0.0,0.0,0.40001312496052205,0.38332062480013573,0.39380360463361164,1.4099106736535831,1.9942222867091108
125,0.4217878580093384,0.2623863254392108,0.7548756934899399,0.2999515246809765,7.0430505067923965,0.7537178794542948,0.10902499407529831,0.1687578707933426,3.7082988964013645e-13,0.0,0.0,0.46548413761044416,0.28366024303995374,0.5173584742808779,1.1086989812257533,2.260690600414562
126,0.19248050451278687,0.16373362311621725,0.4992449438713183,0.30840387131506547,3.986233757807565,1.6620771288871765,0.08861783891916275,0.08264216780662537,1.0014327987782287e-06,0.0,0.0,0.42944383534263203,0.2531571155227835,0.29134504781465914,1.3320815375939667,1.8679568920662541
127,0.8942763730883598,8.395566246448432,2.1529066980429787,1.1130479971597558,4.428916121226381,0.2684191274642944,0.9889747500419617,1.740898847579956,0.2982707761524828,0.0,0.0,0.4972065414467222,2.700146105313744,6.331659979696771,0.46677747041939865,0.7933073285633667
128,0.46752607822418213,0.22452905455798938,0.6228675611291566,0.30984321387083363,5.808758568703221,0.846547723710537,0.11996836215257645,0.15376058220863342,0.07076212544094478,0.0,0.0,0.39453496214411504,0.32426048486775705,0.4250416372900684,0.960283039405492,2.057702467934461
129,0.9280716255307198,8.266720227644576,2.430863435135222,1.494445659040796,10.073839043533395,0.2866341242194176,0.520967423915863,0.8587850332260132,1.965711998979443e-10,0.0,0.0,0.4989065434538674,4.062994622588965,6.252670207082953,1.5627636535083531,0.6781306270200489
130,0.3533691167831421,0.32590007374220953,1.0516360233894035,0.38526744874984725,4.657360161460979,1.0060421973466873,0.10435041040182114,0.15791931748390198,0.05511729859284859,0.0,0.0,0.4035143334501864,0.30630036082532147,0.45893545317612106,1.0623156510304905,1.2951443024360063
131,0.8677036017179489,2.5412173755078,1.2634265947475827,0.9008229332122898,4.868094453478608,0.37450324594974516,0.5835211277008057,0.7011541724205017,0.2466288955875054,0.0,0.0,0.4904703339565037,1.4416350093776287,1.5943816326837585,0.3806638309665361,0.9510578030205671
132,0.05449843406677246,0.14269262897653096,0.8356933604029713,0.3015020679289711,5.549999323023718,1.0335588206847508,0.04749412462115288,0.058971770107746124,4.245503139928489e-10,0.0,0.0,0.41877557382030794,0.17314795461839022,0.23365695938540237,2.195077774695942,1.4857896384700702
133,0.8637974560260773,7.246452996450375,1.686301807220035,1.093715773034086,5.315989358588412,0.33140923842787745,1.016465187072754,1.4492045640945435,0.2512661157393335,0.0,0.0,0.49730535891285227,2.9301213373492256,4.719784713031098,0.6125957303567957,0.8052163739134442
134,0.6749987900257111,0.9663797272691698,0.9093787166776209,0.9155244472969082,13.58124246586663,0.5201450228691101,0.21557246148586273,0.18650107085704803,0.0004074062207151408,0.0,0.0,0.4926656416078209,1.0959537679746703,0.7594680454770649,3.692385253346517,0.9989243046459872
135,0.8128573000431061,1.436255272332596,1.4831193337739375,0.7776061931809181,4.205388359127332,0.2576002925634384,0.21902815997600555,0.40174955129623413,0.3023366060080229,0.0,0.0,0.4574404243089537,0.6268024800790565,1.0782814278460013,0.5560402112089665,1.1778502148567869
136,0.7760142534971237,1.0859889062955645,0.5922044600332157,0.5364810529458438,7.1250684590613425,1.3580028007427851,0.6942582726478577,0.6471380591392517,0.275044932850581,0.0,0.0,0.46729497942010156,1.5767804073201444,1.6696047289879061,0.6514949574917214,1.4990457562346526
137,0.8600296676158905,2.97357267608871,1.586058620542329,0.9988870668049145,5.21486969423663,0.3120644509792328,0.3594878911972046,0.5183850526809692,2.07794956899461e-08,0.0,0.0,0.49451214776146096,1.4376497464836497,2.620542960150111,2.059436386513398,0.9091781302399835
138,0.9490606859326363,17.370188167341666,3.018288376708193,1.9395167824805903,8.742736504224828,0.2810976907610893,0.9076704978942871,1.5257126092910767,1.150780543886675e-11,0.0,0.0,0.49917863539667967,5.023139487570602,5.923881519250652,0.6711367925321355,0.5303889953579841
139,0.8738197535276413,5.709122176993059,1.2545456442604332,1.1123592216376095,5.523423236416323,0.4500899264216423,0.7964699864387512,0.8361263871192932,0.03306466116661464,0.0,0.0,0.4982927693956727,3.3125336777131817,3.136250621370232,0.9218281910302862,0.7969420706278872
140,0.7662523835897446,0.9776686547762278,0.46421029523302865,0.445538919616974,5.886786470716661,1.2380330562591553,0.4616645276546478,0.3729016184806824,3.606823898049935e-12,0.0,0.0,0.4912510183795418,1.3874804449991556,1.64951029163986,1.3706569279417409,1.740014996207011
141,0.8543218821287155,3.0973152228200562,0.9286527364599313,0.9178323804297641,4.119056250954561,0.5432419164313208,0.6786699295043945,0.6239539384841919,2.4289209454086725e-05,0.0,0.0,0.49777519161882,2.2041995284396125,2.4903820223247246,0.941803087743394,0.9101725582425879
142,0.3876110315322876,0.33399376785284024,0.5102732153293348,0.3507679844919032,3.5096160496176867,1.425879524648189,0.13467466831207275,0.12727169692516327,8.164068706862244e-09,0.0,0.0,0.48043274125821434,0.48834294851351573,0.42504569521406665,2.2644440416169624,1.5874365631187821
143,0.7492466866970062,0.20805479485968253,0.2337522939404727,0.23560494907249663,17.12853660323138,1.3208748857180277,0.1675674021244049,0.1226322203874588,0.0047952415365010315,0.0,0.0,0.4961592418026587,0.8274474799679409,1.654447575545356,10.882842119340857,3.1308277807417846
144,0.611836701631546,0.573158117928645,0.8905201762683214,0.33352726205809635,7.3218293783878625,0.6446374372641246,0.18938805162906647,0.34789636731147766,0.14868245997469778,0.0,0.0,0.47581848328758153,0.6357561589144857,1.060674752648679,1.1759463704460593,1.9645552433191176
145,0.9563819989562035,16.702210957788463,1.9687538606781363,1.0150433929211367,6.304117373569735,0.24208042904734614,2.296699285507202,4.4827680587768555,0.47844264633535,0.0,0.0,0.4982898005859358,7.774587826056922,15.237045795891579,0.1986867786260389,0.9441943789010196
146,0.9599901139736176,12.41774308986899,1.745734282832668,0.8817063794042664,6.112213466904941,0.2301696789264679,1.8268303871154785,3.750178337097168,0.45824759059977677,0.0,0.0,0.4976710337449957,5.687489386652989,12.81853085928115,0.2055683424628756,1.1199180934339272
147,0.947950154542923,18.63609861664968,1.6842601073823986,0.9118961365508403,8.765341377156664,0.2478345921635628,2.3635520935058594,4.506144046783447,0.43966511268106606,0.0,0.0,0.49917256339561467,10.933804050109018,19.734973099275397,0.25013088180977505,1.078056264183596
148,0.4177292585372925,0.24692203638307525,0.8659929927032343,0.3835201453371486,8.731001609248912,0.6962984278798103,0.10116901993751526,0.1779869794845581,0.21791260777206012,0.0,0.0,0.34743071535538106,0.3020774643881442,0.581215998970759,1.1005116447413283,2.0315442961754644
149,0.6829836666584015,0.09308791274078033,0.17553122279905578,0.08717336681496442,22.825185872048113,1.0925586551427842,0.20478269457817078,0.24054037034511566,0.07398752387160291,0.0,0.0,0.39550503271589577,0.41527044008074215,0.5814341685377415,0.39245981764277516,7.026347645989348
150,0.6499158442020416,0.54432286890454,0.8585270521802726,0.4076570773399596,5.48500052778442,0.6896788814167183,0.1933552473783493,0.331987589597702,0.1749632016497588,0.0,0.0,0.4511676920450529,0.5085548678747784,0.8832642161979838,0.7784881875271027,1.8999209215303925
151,0.6444979012012482,0.6270753276518548,0.5632740578098872,0.3385492616315545,5.61921358758565,0.9268814903497696,0.28705161809921265,0.43899428844451904,0.1187457718748043,0.0,0.0,0.48496616473874304,0.9118725805420544,1.5150256069629968,1.4044317977756084,2.327192553902666
152,0.21179652214050293,0.36463296897755976,0.8259170326807721,0.3283216834360162,3.635176088058549,1.20082336001926,0.12314579635858536,0.12363108992576599,1.8482697170935096e-07,0.0,0.0,0.46413236752442244,0.37772583913514546,0.42138869904688203,1.5710718477142211,1.2155467833283127
153,0.7614467591047287,4.170848908400073,1.5077305250211346,0.6023842717150913,10.955466208674034,0.2191276118159294,0.8893454670906067,1.8263579607009888,0.44573742553988444,0.0,0.0,0.48212820413815666,2.121215222420904,4.219590278101506,0.2860616509617721,1.3620457038860243
154,0.3404829502105713,0.6178407626838534,0.9268543517832607,0.3498829494506042,8.88092332529313,0.2388961136341095,0.19329169392585754,0.37623313069343567,0.24633253458473695,0.0,0.0,0.4181333277532762,0.5811596940207898,1.1624464945353825,0.8729666631609124,1.9307033093142805
155,0.5594426095485687,1.192274987964464,1.2036213665555788,0.4082688687279043,10.981734132499563,0.1944789692759514,0.27973857522010803,0.6796440482139587,0.33228740845486215,0.0,0.0,0.4634521239602769,0.7972011182109475,1.8428386319428682,0.4710868166113273,1.9224275470460834
156,0.7308315634727478,0.557120032348898,0.3852044354596923,0.3974781865883964,13.958786541250726,0.5989366670449575,0.26876306533813477,0.23184575140476227,6.904708459749836e-05,0.0,0.0,0.49134814519539993,1.585559009086868,1.1749647118679072,1.9387146598143794,2.2394339752049657
157,0.8174072653055191,4.673783278443591,2.51501627990841,1.1619008799230686,6.872307914781325,0.22666207976639272,0.44732871651649475,0.9325019121170044,0.22420169701263726,0.0,0.0,0.4913691206753005,1.4346694134704523,2.8846046507462924,0.6087759253988684,0.8288618347505403
158,0.7765804976224899,1.1418010679464456,0.9842478960406429,0.6443969659093337,7.567654256856617,0.3664916794002056,0.37435781955718994,0.48264142870903015,0.4164595826053274,0.0,0.0,0.426975883296255,0.8552709850954541,1.0817182104039038,0.3239516599819765,1.2475096091599627
159,0.8678738176822662,3.0499296510897,1.8534720227265395,0.9033833769628806,11.245716568408438,0.5140764067570369,0.22414863109588623,0.45055606961250305,1.7813534639439166e-06,0.0,0.0,0.4989063650515858,1.4209813544182086,3.155595048328717,5.072005072886553,0.9970338374859754
160,0.9435543343424797,11.225843770239075,1.6363887081900326,1.5041751484999875,11.3546783061238,0.43013072669506075,0.8678930401802063,0.9533833265304565,1.498863813431271e-08,0.0,0.0,0.4994786049884455,8.02057329972524,8.444409509859819,3.6086419085700348,0.6393307186347548
161,0.029887735843658447,0.05355983358732774,0.5397991095703245,0.2752259552724015,4.792717882290738,1.4875408709049225,0.03301520645618439,0.03329173102974892,4.3747434648467954e-05,0.0,0.0,0.39104942594780007,0.13737621418742169,0.10509478050065307,3.6348652069597627,1.868057277413996
162,0.12466317415237427,0.19806265967092232,1.1581904209634344,0.3215948585390976,3.691331821625841,1.084123051464558,0.06569316238164902,0.08453095704317093,3.651665425205617e-08,0.0,0.0,0.3883898086727884,0.1757182436861021,0.2579573031137537,1.140833320883953,1.1665543008189798
163,0.8615308254957199,6.018068689701778,1.3613240650153275,0.8396495840861786,6.495029000460959,0.36805772200226783,1.4602073431015015,1.8745646476745605,0.6028294362868066,0.0,0.0,0.4827031172592742,3.5369490446969367,4.026495979360208,0.15097293735579911,0.8981214276531665
164,0.7300696969032288,0.6167640226268198,0.5559400216719379,0.3476885679376228,5.733451301716658,0.8561037866771221,0.19378900527954102,0.26804983615875244,3.3146668846854193e-07,0.0,0.0,0.493321474960278,1.0863839146710197,1.2578192823265422,2.5068843520438575,2.3695679938710557
165,0.8628009706735611,1.8870279391672062,1.9363331482147257,0.9177639777758543,5.433709500992912,0.2568705278635025,0.31055253744125366,0.5712452530860901,0.391705717415157,0.0,0.0,0.47919706904368475,0.8347673468091993,1.3971028806489154,0.33537072587720607,0.9499646713538172
166,0.5314037799835205,0.2135473804298132,0.5773579475103326,0.4206166846611387,16.62101786812886,0.37173692665994174,0.098314069211483,0.12000424414873123,0.0011652188660654737,0.0,0.0,0.48215614782902044,0.4230201121436471,0.44070022174855694,2.3108149285033583,2.149094569200506
167,0.7769084721803665,1.926800279366385,1.4657088820286737,0.8061487928570782,6.582651861297641,0.28731415271759037,0.4015572667121887,0.6603775024414062,0.3349321149325918,0.0,0.0,0.46167931530867057,1.1592560588373602,1.6931891022089482,0.4817528968931579,1.068581804443437
168,0.14490294456481934,0.18932860096875279,1.2070219800337492,0.3123237531988598,2.423115790434134,2.179287260770798,0.07481177151203156,0.05664210766553879,1.0725901683931039e-09,0.0,0.0,0.27574667657423185,0.239605517141634,0.19208432194788877,0.4558461041082792,0.6586331481476223
169,0.37625765800476074,0.345511254906075,0.6469430489577073,0.3145795718465643,4.187943655792892,0.637720528493325,0.09515414386987686,0.12620660662651062,4.714622463115678e-06,0.0,0.0,0.48236233212810325,0.43488300203543395,0.5727910039261995,2.216314607550772,1.9525359949106775
170,0.8634211122989655,5.084525627452806,1.5494677839304698,0.8885140514952221,5.757711759717131,0.3119763524830341,0.9578436613082886,1.450690507888794,0.3499332881792363,0.0,0.0,0.49593221229643847,2.546287445153602,3.7697535920406464,0.40330703129370504,0.9774568303317791
171,0.3510294556617737,0.3674939180004038,0.8993058638258028,0.4191049627247684,4.913707959373528,0.8754000008106232,0.147456094622612,0.20634420216083527,0.08690854206293427,0.0,0.0,0.4634690152505945,0.5160420426763119,0.6210813592709922,1.9565641202762134,1.4819475113085552
172,0.48074012994766235,0.402848592021517,0.6050333350565928,0.2679322552526049,7.083867305971929,0.7430344290093139,0.1522376537322998,0.25523534417152405,0.14568773432898094,0.0,0.0,0.48682329851426637,0.4458273402737949,0.8484922783561692,1.0763066123548743,2.547549276401775
173,0.8173718452453613,2.651680403455272,1.2599303642317838,0.8353014071888818,8.845649954507577,0.33031047955155374,0.6838431358337402,0.978218674659729,0.33372525294028704,0.0,0.0,0.476414090542386,1.8918508428127112,2.485649419824015,0.4679783964767136,1.1353582441151164
174,0.1544925570487976,0.19926083866804795,1.5738298802837525,0.3515082770570111,3.275756412564638,0.8063057720661163,0.052004244178533554,0.09997023642063141,0.0007360224907774574,0.0,0.0,0.2948479589733041,0.15001571416421253,0.26816831901468785,0.9423793153698664,1.2825179200282197
175,0.9051407054066658,6.848875063271716,1.9270071724481306,0.8217778146648187,7.086378304003674,0.22842350453138352,1.239379644393921,2.5636892318725586,0.6273466506476896,0.0,0.0,0.47338874760349625,3.1537070026473817,6.933410364010468,0.14189890950839945,1.0223236138531993
176,0.7651619911193848,1.5181796310438993,1.0250695117956696,1.0625911982538254,5.212716513582599,0.5048858714103699,0.26826751232147217,0.25105950236320496,9.583490726968466e-12,0.0,0.0,0.4948631589132115,1.634062360899369,1.033945596474825,1.2564514464655958,0.8694927786135884
177,0.6773791313171387,0.32426341054708024,0.5683922226982093,0.2945834330411444,8.221980762109792,0.8070125866653741,0.18842409551143646,0.2838229238986969,0.06851670424793585,0.0,0.0,0.48845671940282176,0.8624711973877276,1.0732841121879857,2.9662736241318415,2.693907373458573
178,0.9846362145617604,74.77290768176147,5.135971157948248,1.8529112384663133,6.900095764731434,0.15788623474538327,3.2626781463623047,9.764090538024902,3.1841261799258137e-10,0.0,0.0,0.49921009678125156,14.28893049664153,41.33965287803761,0.1650437919954948,0.5549395398568261
179,0.2911430597305298,0.12051865087056284,0.6668385706232943,0.20946606518209734,8.997172652641936,0.7458133754134175,0.0803300216794014,0.14513644576072693,0.1545132727368581,0.0,0.0,0.42721334234143116,0.2728148425299294,0.46528738170284134,2.0566047428665803,2.811033359721309
180,0.8721032738685608,3.5358258101780344,1.5104233275769439,0.8492517491033574,4.825053263137726,0.27068888381123546,0.6025738716125488,1.0518206357955933,0.3171220252124207,0.0,0.0,0.48666831199478117,1.8046913916184344,2.6671801102829393,0.4784264046790405,1.1006352252936302
181,0.7564912736415863,1.289828247660105,1.0732278167000706,0.5996420018659953,3.138977533380758,0.37746582627296454,0.2672238051891327,0.35357755422592163,0.12399428467926164,0.0,0.0,0.4879721931007716,0.900555555618698,0.9839446571342454,0.9788618425503821,1.154698003711008
182,0.11695504188537598,0.2256045807448511,1.1889820732276615,0.3484059322208757,4.965070867903994,0.5636450618505477,0.04883826524019241,0.11697372049093246,0.00028797365213861293,0.0,0.0,0.41202162799102116,0.14957279955872474,0.3102531719396838,1.0640257909737043,1.8129893997104345
183,0.6562098860740662,0.7241366652367739,0.77749589259254,0.39618050991715037,3.82536827768184,0.8835616435110569,0.2022988200187683,0.28982311487197876,4.5707069229734614e-11,0.0,0.0,0.4833451154589805,0.8071325654739361,1.071069939593897,1.4055611245373336,1.7548995839285257
184,0.423858106136322,0.1799834131612297,0.5314755156015886,0.17934329028630472,10.384589415365403,0.6809734799712895,0.11853372305631638,0.24086259305477142,0.14458284651181846,0.0,0.0,0.45541313064736383,0.38198094417538264,0.7549611618561702,1.4389618510379605,3.6368460988286073
185,0.9045199528336525,12.169107984207828,2.1096522132172995,0.9139947596140058,9.566626902953608,0.2036049145460129,1.9690440893173218,4.569503307342529,0.583632767475788,0.0,0.0,0.4830646712249527,4.2070327045761315,10.28739827235454,0.16366279035619496,1.0476431834260127
186,0.016486406326293945,0.08421327085966507,1.4091376549126209,0.2587773852583539,3.4645520071078977,1.0078811645507812,0.02715154178440571,0.040408842265605927,9.98915835005451e-06,0.0,0.0,0.29926033270671937,0.09590935202534996,0.13494036257154596,1.3738285108556312,1.164413167270813
187,0.8205114901065826,4.5170484720699235,1.7146467041101043,0.802119022697494,4.062941878141151,0.24643721893429757,0.6815332770347595,1.3067201375961304,0.22603000708744625,0.0,0.0,0.4933169201984986,2.3060370090435116,3.8666160154750506,0.8935732491835384,1.1182035449673218
188,0.9115052670240402,2.068891372872502,1.0639071357152823,0.9052254148195717,19.04310574635804,0.4574258132775624,0.32993459701538086,0.3311902582645416,2.9458054063956356e-13,0.0,0.0,0.4991060205125495,3.297198787957512,3.3032304552777125,11.860633899203865,1.0262727464072607
189,0.32408469915390015,0.2669519850402473,0.4382108992854956,0.3776129513750613,4.4593854714599885,3.178084078133106,0.2538623511791229,0.11872024089097977,9.066296138799397e-11,0.0,0.0,0.44562915047888224,0.6769310014044356,0.40727513537095894,0.8725868661493705,1.049841094823214
190,0.4253493547439575,0.3680044126941041,1.1889102694290814,0.20885848254775394,19.532667902590884,0.4086877068132162,0.08670489490032196,0.27208802103996277,0.016985238317431383,0.0,0.0,0.4933099336914768,0.30110098928297685,2.1132750511169434,1.7970920267913257,2.8710023948481354
191,0.4379575848579407,0.7349246365168335,0.9904127647602752,0.6607772525130502,2.9065976026924254,0.3853318110108376,0.14125984907150269,0.1704656332731247,0.004839787353725308,0.0,0.0,0.4781582044525434,0.5308840506325169,0.578093659070497,1.6751818396080738,1.12017280897139
192,0.9036059081554413,5.935913313353119,2.324302214601615,1.0628862037666507,5.545336985314919,0.22833932474255564,0.5542612075805664,1.1469265222549438,0.15416776267764376,0.0,0.0,0.4960347353762244,2.037590309024739,3.5032915161472973,0.5576358835327402,0.8478893989394273
193,0.8860854208469391,2.389548269254511,1.8037062350284336,0.8444879921392948,5.419126501008867,0.23932506144046783,0.40381303429603577,0.7592847347259521,0.2503944743415482,0.0,0.0,0.4891787332156826,1.199259311448968,1.8179029311256178,0.4512752362200376,1.042457907858653
194,0.8675731122493744,2.494224674341577,1.4782844869668843,0.8657236376653745,4.166266325474684,0.31847647413611413,0.40693551301956177,0.6037401556968689,0.2782577009209734,0.0,0.0,0.4860508371127175,1.181376406190807,1.4700969746256054,0.3563680355252679,0.9558222540034187
195,0.59258633852005,0.3202199866666565,0.6783459325665002,0.41286588136138574,6.913094275999114,1.0868167966604232,0.17955034971237183,0.2230302095413208,0.19950973800922947,0.0,0.0,0.4324195087071992,0.5886121170342017,0.646401153672647,1.2807274300822895,1.922717594627052
196,0.9207792431116104,3.1549709111858384,2.800225204060424,1.9435016717983773,8.920957483475767,0.33165972188115117,0.1715855598449707,0.24444986879825592,9.426889754121529e-07,0.0,0.0,0.4981195305698297,2.012313161510217,1.7936323046331006,12.877095501788991,0.49665028233946606
197,0.7219453454017639,1.0873898932562822,1.504700164257557,0.7201174184121293,9.125700125734115,0.27141537308692926,0.22732116281986237,0.38945597410202026,0.28649182837863385,0.0,0.0,0.46417589101011464,0.6151605975751151,1.1060547074463605,0.648036917670266,1.0991096150349033
198,0.3695143461227417,0.622122627760725,0.9621682899743983,0.35390955514242856,5.937086739792015,0.25883564293384553,0.18643711507320404,0.34033775329589844,0.2753258429346192,0.0,0.0,0.3751205438507979,0.5254230844374814,0.9020835989122761,0.7106838998834477,1.8069136277675732
199,0.11928468942642212,0.043443167592109255,0.19523371965991124,0.04967138964288556,25.634260894226607,0.7225254222750663,0.05971919372677803,0.13637813925743103,0.00030007904381515216,0.0,0.0,0.47562104313715065,0.1479809454949675,0.5505289012106569,0.49675972574562,11.697040215301822
200,0.36057162284851074,0.40483361988539096,1.007196128397724,0.35699263096241923,4.494609275513317,0.7054845683276654,0.11711201816797256,0.21013116836547852,0.11309627578918713,0.0,0.0,0.43988402218550354,0.390978043448663,0.6175637799214797,1.315380114288758,1.6966242204214155
201,0.4600473642349243,0.4993466007831519,1.5545937526008802,0.3965864085371911,3.0350868535981936,0.3885216638445854,0.08481244742870331,0.1817106157541275,3.925632316021896e-05,0.0,0.0,0.4746535354207657,0.2804773557447825,0.5930661505754588,1.6769777246308222,1.2670301354327047
202,0.8199195712804794,8.721981135235886,1.7308461154473698,0.8997713353839637,5.483134041013577,0.28162867963314053,1.3316391706466675,2.2341456413269043,0.24867288052962896,0.0,0.0,0.49630770357803433,3.6564462671700175,7.2812549717632,0.599034822453805,0.8723865987511005
203,0.22410857677459717,0.14014147194536183,0.2563128762403623,0.27966370313872596,8.660318298416616,2.3775842666625975,0.17109529674053192,0.10434464365243912,0.16209821809696248,0.0,0.0,0.4063687809566166,0.5620398246864038,0.3645608296320806,1.634513224601542,2.260399825959954
204,0.4903346300125122,0.11666900413043443,0.4708747962224023,0.3589970909012598,7.535837186335279,1.204309105873108,0.09006224572658539,0.08724722266197205,0.185639225384879,0.0,0.0,0.276596651936097,0.2828169294103441,0.26787087199647497,1.3895128605303664,2.057327229931656
205,0.908736452460289,4.494588277562304,1.5353931456860037,0.9056360701691444,6.482807882072199,0.294016655087471,0.9664250016212463,1.5530949831008911,0.5175767316126143,0.0,0.0,0.4788651799683531,2.1037224602000686,3.2768793069187487,0.20488437247057578,0.9968297337992053
206,0.10827052593231201,0.20767489431006633,1.096305644119902,0.26159250213488133,13.361833051452942,0.3629242350657781,0.04652832821011543,0.13247743248939514,0.008194444181519996,0.0,0.0,0.4882546784220531,0.17186484472842836,0.8707882929814112,3.820670438740911,2.795155563644342
207,0.284451425075531,0.17201456555797026,0.4544804305876918,0.3352721476257284,9.824681057520962,1.0753698959946631,0.12556378543376923,0.14303509891033173,0.1859266769620625,0.0,0.0,0.4296403313564106,0.42411240747150236,0.43648746951707995,1.3215508525471322,2.20211554212941
208,0.8918496668338776,4.133349562642504,1.8490190469186332,0.9815322773740448,8.157314606905302,0.25954073667526245,0.769981861114502,1.4017701148986816,0.4564668292825333,0.0,0.0,0.4633442276714845,1.7500851448076906,3.233172994195323,0.2404086885898651,0.9377036271017569
209,0.9484076499938965,5.699923569151675,1.6041946996684529,1.2572530749060198,6.066152841536178,0.37726758420467377,1.1100813150405884,1.3240909576416016,0.2788632142920187,0.0,0.0,0.49214145349720423,2.871284784450178,3.2097590151804916,0.2233748900903618,0.7435427538400381
210,0.033011794090270996,0.11057562707852349,0.6638668860636572,0.3534652666731505,6.427372476025248,1.0995971659819284,0.0443182997405529,0.04702147841453552,0.008562168197377583,0.0,0.0,0.44913615176492966,0.2440281984906786,0.21275645398117343,8.253061733484284,1.5982038457204106
211,0.060183942317962646,0.16410927121722552,1.1964943103578003,0.28913507246448267,4.571783216690828,0.6879769861698151,0.04836291819810867,0.09021485596895218,7.786317351955931e-05,0.0,0.0,0.38746865500609495,0.15254958743150127,0.22954319101148124,1.3165238146628493,1.5590316299079947
212,0.4781479835510254,0.11026096542188439,0.14105713635747688,0.16581064447495078,8.364686530237726,3.642621104562724,0.28968799114227295,0.09667359292507172,0.16008845718988196,0.0,0.0,0.3531154605263548,0.6927603431361863,0.2965581250810546,0.6613638585840771,2.40492773995043
213,0.6169120967388153,0.24839288534305146,0.3797585244230193,0.18517197066862423,9.553152610786727,0.9606769108772277,0.2380472868680954,0.23044581711292267,1.1213050801279185e-06,0.0,0.0,0.47860692272533745,0.719542965479438,0.7237412992921047,1.7460327947123766,3.0483773034394033
214,0.8086956888437271,1.9979099493174823,1.8055327004718744,0.8043912503750492,5.641994230312329,0.23815991520881652,0.3412393033504486,0.6770054697990417,0.36552611944597585,0.0,0.0,0.4747405389226336,0.8049383263745105,1.6800492846302624,0.3722233594729688,1.098823116637434
215,0.1703890562057495,0.18848613017119198,0.7278140519353066,0.3515746048590351,4.628239224345618,0.8079375703632832,0.04874522238969803,0.0812985897064209,0.00098127573653482,0.0,0.0,0.4829193136811197,0.2582575132195669,0.3501581762885225,3.9091056014049483,2.1824345812527524
216,0.8988199606537819,4.955162685602547,1.716449677025135,0.7907892418715189,8.807001286527003,0.21153892301023008,0.8353878259658813,1.8659485578536987,0.31595576295808414,0.0,0.0,0.491937281983883,2.5806589807460694,5.2802946299137865,0.538370267052742,1.239341948153173
217,0.9601686224341393,12.352309769162936,1.7605783942430864,0.9853497402459988,6.382387297239313,0.26206787645816804,1.9221755266189575,3.465620994567871,0.4884673903062761,0.0,0.0,0.4973751213769898,6.355713611876597,11.931392543210553,0.1889365374819909,0.9753115251439871
218,0.6424245238304138,0.06191743763607374,0.07435747733424439,0.06938719320803392,23.05073980310954,2.1160949667294817,0.2886775732040405,0.15915660560131073,5.487413500265988e-06,0.0,0.0,0.4194440777789194,0.8459650266215586,0.4721053120527609,0.5824776998246717,8.174582593753051
219,0.14775586128234863,0.0903693998426522,0.5566989005285421,0.2816700302077507,5.182946309001143,1.3765454515814781,0.059403687715530396,0.05815025791525841,8.348210195899971e-10,0.0,0.0,0.1298349590979248,0.1636554264960841,0.16597941150017692,0.9036823694257974,1.758400726534175
220,0.3050583004951477,0.31829214715043663,0.6809522904051396,0.19986297033517234,4.453948749627844,0.30139609530568123,0.09401607513427734,0.15830715000629425,0.0011607714884868676,0.0,0.0,0.4798575677127913,0.37580582080108776,0.3905802936481858,1.608568272427664,2.1195074644446574
221,0.5427686274051666,0.31647990657292685,0.5900078514185109,0.3418591280723934,4.866046470266822,0.8092278525233269,0.1411125808954239,0.21361462771892548,0.0743923219539064,0.0,0.0,0.47595641226248814,0.479450357580546,0.6819693023431244,1.4571601171856399,2.3213561784729135
222,0.8534240871667862,1.976819255387922,0.7084424560890163,0.5067673095534373,5.0216753028269565,1.274213100671768,1.0571935176849365,1.1760762929916382,0.35312881576658733,0.0,0.0,0.487979957280574,2.6690935715975903,2.6357329025591625,0.3844749953009069,1.4955024282890899
223,0.7919158339500427,1.6681246813880692,1.2201556775651718,0.635918354127867,6.723905473835475,0.2907724803686142,0.41183191537857056,0.6692193746566772,0.2588615443812262,0.0,0.0,0.47347024181137176,1.2417143280601595,2.003532840484946,0.7612679771067334,1.331782385879986
224,0.8601932376623154,2.804902313599905,1.195304879189659,0.8637734829280072,8.018293759211005,0.4459168450534344,0.9350261688232422,0.9907673597335815,0.4523195221964198,0.0,0.0,0.45717175261983717,2.1834205696430127,2.5038261198968597,0.2807542020562538,0.8864806124222256
225,0.8011997491121292,1.617618722203109,1.5248823678701717,0.8620398136732276,5.5098920567971525,0.3142660343647004,0.17421084642410278,0.2768630087375641,0.007186702793928989,0.0,0.0,0.4947556333947717,0.8940904578099779,1.4293715481682487,3.116734283654381,1.0060645904819892
226,0.66104656457901,0.7403351870220591,0.6116521261369282,0.42340910702422996,4.4251075956364465,1.271773294955492,0.35277247428894043,0.3931950628757477,0.15710878183247592,0.0,0.0,0.473561562420965,1.0205758100564883,1.2335958555681983,0.9965097607797552,1.7354798574885346
227,0.3361440896987915,0.18724605305959913,0.4602823646435948,0.24103289576149314,13.233351219075082,0.9601807014644145,0.15226145088672638,0.2136809378862381,0.24059232851432638,0.0,0.0,0.39747627663758994,0.40372751696105086,0.611189964460209,0.9138345078747324,2.9037696808364983
228,0.5230992436408997,0.11837210270325337,0.8723042871764786,0.21489126442111361,7.842722857210722,0.7245679873228072,0.05848383158445358,0.11118552833795547,1.0240244442580704e-06,0.0,0.0,0.30838340864983094,0.15436868180128188,0.3206462334592602,0.6957657858640507,2.4891472637702745
229,0.07326209545135498,0.19959124078740934,0.9727860218770182,0.3340091541483307,4.024816415135633,0.8343096822500229,0.06600857526063919,0.11472051590681076,2.3005495230215476e-05,0.0,0.0,0.4216975305117141,0.217845091012912,0.36358121761967876,1.1806862247405405,1.875913013310345
230,0.9836033899337053,58.241246134671954,4.257994913742749,1.7513923736191008,7.193949817555204,0.1826625095307827,3.7127456665039062,9.603899002075195,9.238653259684264e-25,0.0,0.0,0.4989413556361114,12.758195804250418,30.456451173472328,0.03963829351726672,0.5785727238616909
231,0.8772889226675034,4.603215475927475,1.834992694258693,1.069267013346498,7.529315746329955,0.2882165488600731,0.7200830578804016,1.1617605686187744,0.33203671721435446,0.0,0.0,0.4931732107166568,2.4380990391851243,3.2709814729971876,0.4009706007275188,0.8083191465019224
232,0.8646319955587387,3.772113645073974,2.0441100278183675,1.029670028080617,4.632729174079185,0.24135418474674225,0.3465893268585205,0.6785192489624023,0.19523416295400692,0.0,0.0,0.49696480727140924,1.3447089704146387,2.4088493307795504,0.6734860528207394,0.9121230099659109
233,0.5419972836971283,0.3495672641316748,0.7668371730321099,0.28396825327516856,10.6878291572646,0.6222115394473076,0.14159372448921204,0.30664417147636414,0.21154172746463057,0.0,0.0,0.4610406418707787,0.41989454171288115,0.9623735788125738,1.018937250675666,2.555182129265446
234,0.8003179877996445,1.6593556252473747,1.3587776415755655,1.070937015550421,5.1600291383176256,0.38709728077054023,0.31054994463920593,0.37906453013420105,2.9240081085936445e-07,0.0,0.0,0.48815147726792885,1.1538320919561644,0.973845151914404,0.5868472834630512,0.855547253000124
235,0.9086265191435814,5.529716236686456,4.61650218006824,1.445125334460098,11.831148031773925,0.1739084626071983,0.15554840862751007,0.4775245785713196,2.0319705777643397e-10,0.0,0.0,0.49951645555329255,1.6668307201281496,3.7069897954352196,14.653368528541957,0.5777395468147593
236,0.017556965351104736,0.03811835837514807,0.250024385284449,0.056673796371236485,25.0659496345388,0.5787227511405945,0.049751318991184235,0.12465280294418335,2.860715351862185e-07,0.0,0.0,0.419655781486264,0.13807426711884965,0.38695431146309067,0.6133461634292164,10.522147298348983
237,0.8483210206031799,3.042379626051542,1.0664012008089405,0.9134531566299559,3.8332783809375015,0.47947861433029176,0.7341302633285522,0.7234452962875366,0.2490620755653586,0.0,0.0,0.4776701168022149,1.9694365946155477,2.056539693748948,0.5675530366961526,0.8800810032932177
238,0.6990942358970642,0.800827978059678,1.1700842541234544,0.6942715361157525,3.6379835801072917,0.3235791136821111,0.13122616708278656,0.2095320224761963,3.6729285996525454e-06,0.0,0.0,0.4884182858420301,0.6230549932373952,0.9064865226261238,3.486085464991911,1.3646234414148104
